1;CENTRO (Cortês);47
2;ZONA RURAL (Cortês);47
3;CENTRO;60
4;PAU AMARELO;8
5;ALAMEDA PAULISTA;8
6;JAGUARANA;8
7;NOSSA SENHORA DO Ó;8
8;LOTEAMENTO CONCEIÇÃO;8
9;JARDIM MARANGUAPE;8
10;AGROVILLA LIBERAL;77
11;BAIRRO NOVO;77
12;BARRA DE LAMA;77
13;CENTRO;77
14;COHAB;77
15;CRUZEIRO;77
16;ENGENHO A2;77
17;ENGENHO AGUAS CLARAS;77
18;ENGENHO ALMECEGA;77
19;CENTRO;1
20;ENGENHO ARACAJU;77
21;ENGENHO ARRANCA;77
22;ENGENHO AVELOZ;77
23;ENGENHO BADALEJO;77
24;ENGENHO BARRA DE CARAÇUIPE;77
25;ENGENHO BARRAGEM;77
26;ENGENHO BEIJA FLOR;77
27;SANTO ANTONIO;1
28;ENGENHO BELA ROSA;77
29;ENGENHO BELAMENTE;77
30;ENGENHO BOA SORTE;77
31;ENGENHO BOM CONSELHO;77
32;ENGENHO BOM FIM;77
33;ENGENHO BOM JESUS;77
34;ENGENHO BOM SUCESSO;77
35;SAO JOSE;1
36;ENGENHO CABADÁ;77
37;ENGENHO CACHOEIRA DANTAS;77
38;ENGENHO CACHOEIRA DOS MORCEGOS;77
39;ENGENHO CAMPINAS;77
40;ENGENHO CAMURIZINHO;77
41;ENGENHO CANOA RACHADA;77
42;ENGENHO CANOINHA;77
43;ILHA JOANA BEZERRA;1
44;ENGENHO CAVADA;77
45;ENGENHO CHAPEU DE COURO;77
46;ENGENHO CONSELHO;77
47;ENGENHO CONSTITUINTE;77
48;ENGENHO CORRIENTE;77
49;ENGENHO CORUJA;77
50;ENGENHO CRUZ DE MALTA;77
51;CABANGA;1
52;ENGENHO CAMURIM;77
53;ENGENHO CUMBRE;77
54;ENGENHO CUMBRE DE CIMA;77
55;ENGENHO DOIS BRAÇOS;77
56;ENGENHO ELDORADO;76
57;ENGENHO ESPERANÇA;77
58;ENGENHO ESPIRITO SANTO;77
59;ENGENHO FLOR DE MARIA;77
60;COELHOS;1
61;ENGENHO FLORENTE;77
62;ENGENHO FLORESCENTE;77
63;ENGENHO GABINETE;77
64;ENGENHO GRAVATÁ;77
65;ENGENHO GUARANI;77
66;ENGENHO ILHA GRANDE;77
67;ENGENHO JATOBÁ;77
68;ENGENHO LIMEIRA;77
69;ENGENHO LOPES;77
70;ENGENHO MACÁRIO;77
71;ENGENHO MAGESTOSO;77
72;ENGENHO MALCARIO;77
73;ENGENHO MANGUEIRA;77
74;ENGENHO MÃOZINHA;77
75;ENGENHO MAURICEIA;77
76;ENGENHO MILHARAL;77
77;ENGENHO MORENO;77
78;ILHA DO LEITE;1
79;ENGENHO OURIVES;77
80;ENGENHO PALANQUETA;77
81;ENGENHO PALMEIRAS;77
82;ENGENHO PARANÁ;77
83;ENGENHO PARNASO;77
84;ENGENHO PASTINHO;77
85;ENGENHO PASTO GRANDE;77
86;BOA VISTA;1
87;ENGENHO PEDRA IMA;77
88;ENGENHO PERNAMBUCO;77
89;ENGENHO PINDOBAL;77
90;ENGENHO PIRAGIBI;77
91;ENGENHO PIRANGI;77
92;ENGENHO PLANEA;77
93;ENGENHO POÇO DANTAS;77
94;PAISSANDU;1
95;ENGENHO POÇO FUNDO;77
96;ENGENHO POTOSI;77
97;ENGENHO PRIMOROSO;77
98;ENGENHO PRIVILÉGIO;77
99;ENGENHO SACRAMENTO;77
100;ZONA URBANA (Jaqueira);42
101;ENGENHO JAQUEIRA (Zona Rural);42
102;ENGENHO UNIAO (Zona Rural);42
103;ENGENHO BOA VISTA (Zona Rural);42
104;ENGENHO LAGE NOVA (Zona Rural);42
105;SITIO SAO BENTO (Zona Rural);42
106;ENGENHO BALSAMO DAS FREIRAS (Zona Rural);42
107;ENGENHO BALSAMO DA LINHA (Zona Rural);42
108;SANTO AMARO;1
109;SITIO VEADO MORTO (Zona Rural);42
110;ENGENHO CORUBAS (Zona Rural);42
111;ENGENHO LARANJEIRA (Zona Rural);42
112;DISTRITO FREI CANECA (Zona Rural);42
113;ENGENHO FEVEDOURO (Zona Rural);42
114;FORROZAO;77
115;ENGENHO BARRO BRANCO;42
116;SOLEDADE;1
117;ENGENHO GULANDI (Zona Rural);42
118;SITIO MONTEIRO (Zona Rural);42
119;SITIO TENORIO (Zona Rural);42
120;SITIO GLÓRIA;42
121;ENGENHO GUERRA (Zona Rural);42
122;SITIO GRANDE (Zona Rural);42
123;SITIO FURNAS;42
124;ESPINHEIRO;3
125;SITIO IGREJINHA (Zona Rural);42
126;ENGENHO FLOR DO BOSQUE (Zona Rural);42
127;ENGENHO CAIXA D'AGUA (Zona Rural);42
128;SITIO FREIRE (Zona Rural);42
129;SITIO FREIRE (Zona Rural);42
130;ENGENHO CABUGI (Zona Rural);42
131;SITIO PILAO (Zona Rural);42
132;AFLITOS;3
133;ENGENHO VARZEA VELHA (Zona Rural);42
134;CENTRO;42
135;ENGENHO SANTA MARIA;77
136;ENGENHO SANTO ANTONIO DAS FLORES;77
137;ENGENHO SAO JOAQUIM;77
138;ENGENHO SAO JOSE DOS ESPALHADOS;77
139;ENGENHO SAO MIGUEL;77
140;DERBY;3
141;ENGENHO SOLIDAO;77
142;ENGENHO SOSSEGO;77
143;ENGENHO SOUZA;77
144;ENGENHO TAMATIAO;77
145;ENGENHO TEREZINHA;77
146;ENGENHO TRES MARIAS;77
147;ENGENHO VENTUROSO;77
148;ENGENHO VENUS;77
149;ENGENHO VIDA NOVA;77
150;ENGENHO VOLTA DO UNA;77
151;FAZENDA SANTA HELENA;77
152;FAZENDA BARRA LARGA;77
154;FAZENDA CAMARAO;77
155;FAZENDA SANTA RITA;77
156;FAZENDA VALE DO UNA;77
157;SITIO CACIMBAO;77
158;SITIO SALGADO;77
159;JAQUEIRA;3
160;JIQUIA;77
161;JIQUIAZINHO;77
162;JOAQUIM COUTINHO;77
163;LIBERDADE;77
164;MARCELO DE JUQUINHA;77
165;USINA SANTA TEREZA;77
166;MARCELO DE JUQUINHA;77
167;GRACAS;3
168;ENGENHO BARRA DO DOURO;77
169;CIDADE ALTA;78
170;CIDADE BAIXA;78
171;IGARAPEBA;78
172;ZONA RURAL;78
175;ENCRUZILHADA;2
176;Centro;79
177;Vila Esperança;79
178;Piraua;79
179;Passo Comprido;79
183;ROSARINHO;2
191;TAMARINEIRA;3
205;BOA VIAGEM;6
213;IPSEP;6
221;JORDAO;6
230;IBURA;6
248;PINA;6
256;BRASILIA TEIMOSA;6
264;IMBIRIBEIRA;6
272;TORREAO;2
280;CAMPO GRANDE;2
299;PEIXINHOS;2
300;SANTA TEREZINHA;70
301;FÁBRICA;70
302;HIPODROMO;2
303;SANTA LUZIA;70
304;NOVA GAMELEIRA;70
305;CENTRO (GAMELEIRA);70
306;BARRA DA LAMA;70
307;SANTA MARIA;70
308;VILA SANTO ANTONIO;70
309;VILA SÃO MARCOS;70
310;CAMPINA DO BARRETO;2
311;VILA SÃO MATEUS;70
312;MIGUEL DE BARROS;70
313;SALTO;70
314;MULTIRÃO;70
315;PEDREIRAS;70
316;PENHA;70
317;VILA BOM SUCESSO;70
318;VILA CACHOEIRA LISA;70
319;POVOADO DAS CATOTAS (SÍTIO);70
320;MATADOURO;70
321;FRANCISCO PINHO;70
329;ARRUDA;2
337;AGUA FRIA;2
345;FUNDAO;2
353;CAJUEIRO;2
361;PORTO DA MADEIRA;2
370;BEBERIBE;2
388;LINHA DO TIRO;2
396;DOIS UNIDOS;2
400;PASSARINHO;3
418;GUABIRABA;3
426;BOMBA DO HEMETERIO;2
434;CASA AMARELA;3
441;ZONA RURAL;53
442;CASA FORTE;3
443;CENTRO (Belém de Maria);53
444;ZONA URBANA;53
450;SANTANA;3
469;PARNAMIRIM;3
477;POCO DA PANELA;3
485;MONTEIRO;3
493;ALTO DO MANDU;3
501;ALTO CATURITE;39
502;ALTO SANTA INES;39
503;CENTRO;39
504;ALTO JOSE BERNARDINO;39
505;ALTO SÃO JOSE;39
506;ALTO JOSÉ CABOCLO;39
507;APIPUCOS;3
508;ALTO SÃO LOURENÇO;39
509;AREA BENGALAS;39
510;AREA CANDEIAS;39
511;AREA OLHO D'AGUA DE FIGUEIRAS;39
512;AREA POÇO DO PAU;39
513;AREA TAMANDUÁ;39
514;AREA PEDRA TAPADA;39
515;MANGABEIRA;3
516;AREA RIBEIRO DO MEL;39
517;AREA VARJADAS;39
518;AGROVILA;74
519;ALTO DO SACRIFICIO;74
520;CENTRO;74
521;COMPRA FIADO;74
522;JAGUARIBE;74
523;ALTO JOSE DO PINHO;3
524;MANGUEIRA;74
525;MARACUJA;74
526;MATADOURO VELHO;74
527;NOVA CIDADE;74
528;NOVA DESCOBERTA;74
529;NOVA ESCADA;74
530;ALTO DA ESPERANÇA;39
531;MORRO DA CONCEICAO;3
532;POVO DE DEUS;74
533;PRACINHA;74
534;RIACHO DO NAVIO;74
535;SAPUCAJI;74
536;SUDENE;74
537;USINA BARAO;74
538;USINA MASSAUASSU;74
539;ENGENHO CANTO FLOR;51
540;ALTO JOSE BONIFACIO;3
541;ENGENHO CAIÇARA;51
542;ENGENHO BATATEIRAS;51
543;ENGENHO BOM MIRAR;51
544;ENGENHO BOA SORTE;51
545;ENGENHO BELEZA;51
546;ENGENHO BARRAGEM;51
547;ENGENHO APODI;51
548;ENGENHO AMOR DA PÁTRIA;51
549;ENGENHO ARIAL;51
550;ALAÍDE GONÇALVES;51
551;NOVA XEXEU;51
552;ALTO DA BOA VISTA;51
553;SETE DE SETEMBRO;51
554;BAIRRO NOVO;51
555;ALTO DA CAPELA;51
556;CENTRO;51
557;ALICE GONÇALVES;51
558;VASCO DA GAMA;3
559;CAMPOS FRIOS;51
560;TIBIRI;48
561;RIO UNA;48
562;BAETÉ;48
563;BAETÉ;48
564;SANTA GORETE;48
565;PRAINHA;48
566;NOVA DESCOBERTA;3
567;SANTA MARTA;48
568;ALEGRE;48
569;SANTA INES;48
570;FAZENDA SAO FRANCISCO;48
571;ITAPERIBU;48
572;BARRO VERMELHO;48
573;LOTEAMENTO COLINAS DOURADAS;48
574;BREJO DE BEBERIBE;3
575;OTHON BRITO B. MELO (LOTES);48
576;LOTEAMENTO BELA VISTA;48
577;BARRAGEM;48
578;PRAINHA DE CIMA;48
579;ESTRELA DO MAR;55
580;SERRARIA (Zona Rural);50
581;VILA SARDINHA (Zona Rural);50
582;MACAXEIRA;3
583;POUSO ALEGRE (Zona Rural);50
584;LOTEAMENTO ESPERANÇA;50
585;RECANTO CARPINA;50
586;CENTRO;35
587;NOBRE;50
588;LUIS OTAVIO;50
589;INVASÃO;50
590;DOIS IRMAOS;3
591;ANTONIO MARTINS;50
592;CASA NOVA;50
593;VILA DA PRATA;50
594;CHA DE CASTEL (Zona Rural);50
595;MULTIRÃO;50
596;SOLEDADE;50
597;FERNANDO LOBO;50
598;BARRAGENS (Zona Rural);50
599;VASSOURA (Zona Rural);50
600;SÃO FRANCISCO (Zona Rural);50
601;CHA DE SANTANA 1 E 2 (Zona Rural);50
602;VENTENAS (Zona Rural);50
603;PRETO (Zona Rural);50
604;SITIO DOS PINTOS;3
605;CAMPO GRANDE (Zona Rural);35
606;LIBERDADE;55
607;NOVO TAMANDARÉ;55
608;RIO ARIQUINDA;55
609;CENTRO;55
610;VALE VERDE;74
611;VILA FREXEIRAS;74
612;BREJO DA GUABIRABA;3
613;ENGENHO  CAVACO;51
614;ENGENHO CUPURAITI;51
615;ENGENHO DIVISÃO;51
616;ENGENHO FERNANDO VIEIRA;51
617;ENGENHO GALO;51
618;ENGENHO HUMAITÁ;51
619;ENGENHO IPIRANGA;51
620;CORREGO DO JENIPAPO;3
621;ENGENHO LIBERDADE;51
622;ENGENHO LIMÃO;51
623;ENGENHO MACACO;51
624;ENGENHO ORIENTAL;51
625;ENGENHO PORTO SEGURO;51
626;ENGENHO PUREZA;51
627;ENGENHO TABOCAS;51
628;ENGENHO VENEZA;51
629;ENGENHO VILA RICA;51
630;VILA OPERARIA;74
631;VIRADOURO;74
632;Avilã;75
633;Bairro do Dezoito;75
634;Bambuluá;75
635;Canaã;75
636;Centro;75
637;Diamante;75
638;Distrito de Laje Grande;75
639;PAU FERRO;3
640;Distrito de Roçadinho;75
641;Matadouro;75
642;Monte Alegre;75
643;Nova Catende;75
644;Oxfan;75
645;Teco-teco;75
646;Zona Rural;75
647;MADALENA;4
648;CENTRO;50
655;TORRE;4
663;PRADO;4
671;ZUMBI;4
680;CORDEIRO;4
698;IPUTINGA;4
701;TORROES;4
710;ENGENHO DO MEIO;4
720;MAE RAINHA;52
721;BOA VISTA (CENTRO);52
722;ALTO NECO DE LEU;52
723;OSWALDO LIMA;52
724;SÃO JOSÉ;52
725;RAUL SOARES;52
726;MONSENHOR JONAS;52
727;MANOEL VIDAL;52
728;CIDADE UNIVERSITARIA;4
729;ASA BRANCA;52
730;CENTRO;40
731;VILA NOELANDIA;40
732;ALTO DO DERBY;40
733;ALTO DO PARAISO;40
734;NOVA DESCOBERTA;40
735;ALTO SÃO JOSE;40
736;VARZEA;4
737;VILA DA COHAB (PE088);40
738;BOMFIM (PE 088);40
739;UMARI (PE 90) DISTRITO;40
740;TAMBOATÁ (DISTRITO);40
741;BIZARRA (PE 050);40
742;FREITAS (PE 90);40
743;ENCRUZILHADA (PE 90);40
744;CAXANGA;4
752;CURADO;5
760;ILHA DO RETIRO;4
779;AFOGADOS;5
787;MUSTARDINHA;5
795;MANGUEIRA;5
800;VILA JK;57
801;SERTAOZINHO;57
802;TAMATAÚPE;57
803;ALTO BOA VISTA;57
804;EUGENIO BANDEIRA;57
805;CENTRO;57
806;ZONA RURAL (NAZARÉ DA MATA);57
809;BONGI;5
817;SAN MARTIM;5
825;JIQUIA;5
833;ESTANCIA;5
840;SALINA;60
841;CACOTE;5
842;SAUDADE;60
843;NOVA ITAENGA;60
844;NOEMIA ARAGÃO;60
845;VILA BOA ESPERANÇA;60
846;PROGRESSO;60
847;MOINHO;60
848;SITIO CAMBOA (ZONA RURAL);60
849;SITIO CAI CAI (ZONA RURAL);60
850;AREIAS;5
851;SITIO QUATIS (ZONA RURAL);60
852;SITIO ARROMBADOS (ZONA RURAL);60
860;CENTRO (SÃO VICENTE FÉRRER);58
861;RECREIO;58
862;ALTO DA IGREJA;58
863;COHAB (SÃO VICENTE FÉRRER);58
864;SIRIJI;58
865;SÍTIO CHÃ DO ESQUECIDO;58
868;JARDIM SAO PAULO;5
876;BARRO;5
884;COHAB;6
890;CENTRO;41
891;CAUEIRAS (Povoado);41
892;TEJIPIO;5
893;UPATININGA (Distrito);41
894;TUPAOCA (Distrito);41
895;CHA DO ESCONSO (Povoado);41
896;MACUJE (Distrito);41
906;SANCHO;5
914;TOTO;5
922;COQUEIRAL;5
930;PONTO DE PARADA;2
931;CENTRO (CAMUTANGA);59
932;CLUBE MUNICIPAL;59
933;MINI-POSTO;59
934;ALTO SANTA TEREZINHA;59
935;ENGENHO PARAÍSO;59
936;ENGENHO SANTO ANTONIO;59
937;USINA OLHO D'AGUA;59
938;VILA DOS TÉCNICOS;59
939;VILA DO CLUBE;59
949;ALTO SANTA TEREZINHA;2
950;CENTRO;56
951;CHA DE FOGO;56
952;CHA DE AREIAS;56
953;VILA MATARY;56
954;AGROVILA;56
955;TABIRA;56
956;GUTIUBA  I;56
957;GUTIUBA  II;56
958;GUTIUBA  III;56
1000;ENGENHO LIMÃO (ZONA RURAL);61
1001;ENGENHO ARIPOU  (ZONA RURAL);61
1002;ENGENHO RENDINHA DOS ANJOS  (ZONA RURAL);61
1003;ENGENHO MINAS NOVAS (ZONA RURAL);61
1004;ENGENHO BOMA DESPACHO  (ZONA RURAL);61
1005;ENGENHO VERMELHO;61
1006;ENGENHO TOLERANCIA (ZONA RURAL);61
1007;ENGENHO KAENTES;61
1008;VILA JOSE MARIANO - CAXANGA (ZONA RURAL);61
1009;ENGENHO SEGREDO;61
1010;ENGENHO BASTIAO  (ZONA RURAL);61
1011;USINA ESTRELIANA  (ZONA RURAL);61
1012;ENGENHO AMARGAI D'AGUA  (ZONA RURAL);61
1013;ENGENHO SERRINHA  (ZONA RURAL);61
1014;VILA PERNAMBUCO  (ZONA RURAL);61
1015;ENGENHO DITOSO  (ZONA RURAL);61
1016;ENGENHO RETIRO;61
1017;ENGENHO SANTA CRUZ  (ZONA RURAL);61
1018;ENGENHO SAO PEDE  (ZONA RURAL);61
1019;ENGENHO BREJO  (ZONA RURAL);61
1020;ENGENHO NORDESTE  (ZONA RURAL);61
1021;ENGENHO LOBO;61
1022;ENGENHO VICENTE CAMPELO  (ZONA RURAL);61
1023;ENGENHO CAMPANHA  (ZONA RURAL);61
1024;ENGENHO CALCULA;61
1025;ENGENHO SOLEDADE  (ZONA RURAL);61
1026;ENGENHO PARANA DO NORTE  (ZONA RURAL);61
1027;ENGENHO FRADE;61
1028;ENGENHO LEÃO;61
1029;VILA RICA;61
1030;NOVA VILA RICA;61
1031;VILA FERROVIARIA;61
1032;VILA COHAB;61
1033;ALTO DA FÉ (PADRE CICERO);61
1034;VILA BANDEIRANTE;61
1035;ALTO DA CADEIRA;61
1036;ALTO BELA VISTA 01;61
1037;ALTO BELA VISTA 02;61
1038;ELDORADO;61
1039;LOTEAMENTO OCHOA;61
1040;VILA CANAVIAL;61
1041;VILA DO SESI;61
1042;COTE MOLE;61
1043;BAIRRO NOVO (CENTRO);61
1044;BEIRA RIO (CENTRO);61
1045;VATICANO;61
1046;TERREIRAO;61
1047;MANOEL APRÍGIO;62
1048;CENTRO;62
1049;CARAUBAS (ZONA RURAL);62
1050;VARJAO (ZONA RURAL);62
1051;FEIRA NOVA (ZONA RURAL);62
1052;JUNDIAI (ZONA RURAL);62
1053;SERRA DE CAPOEIRA(ZONA RURAL);62
1054;FIGUEIRAS (ZONA RURAL);62
1055;MATINADAS (ZONA RURAL);62
1056;UMBURETAMA (ZONA RURAL);62
1057;AGUA BRANCA;63
1058;ALMIRANTE;63
1059;AREIA BRANCA;63
1060;BANDEIRANTE;63
1061;BARRA NOVA;63
1062;BARRO BRANCO;63
1063;BARRO VERMELHO;63
1064;BELA VISTA;63
1065;BELO HORIZONTE;63
1066;BOA VISTA;63
1067;CAMPINA DO JACU;63
1068;CANAL;63
1069;CANAFÍSTULA;63
1070;CAVALCANTE;63
1071;CENTRO;63
1072;CHÃ DAS MULATAS;63
1073;CHÃ DE CARVÃO;63
1074;CHÃ DE LAGOA;63
1075;CHÃ DE OUTEIRO;63
1076;CONCEIÇÃO;63
1077;CRIMÉIA;63
1078;GAMELEIRA;63
1079;ITAPARICA;63
1080;JACARÉ;63
1081;JATOBÁ;63
1082;LAGOA DO OUTEIRO;63
1083;LOTEAMENTO BOA FÉ;63
1084;LOTEAMENTO BUENOS AIRES;63
1085;LOTEAMENTO CORREIA;63
1086;LOTEAMENTO NOSSA SENHORA DE FÁTIMA;63
1087;LOTEAMENTO SANTA ANA;63
1088;LOTEAMENTO SANTA IRACEMA;63
1089;LOTEAMENTO SANTO ANTONIO;63
1090;MALTÊZ;63
1091;MONTE VERDE;63
1092;MUNDO NOVO;63
1093;MUNGUBA;63
1094;NOVA CRUZ;63
1095;OLHO D'AGUA DE BAIXO;63
1096;OLHO D'AGUA DE CIMA;63
1097;PAU SANTO;63
1098;PINDOBINHA;63
1099;ORATÓRIO;63
1100;RANCHO;63
1101;RECREIO;63
1102;SALGADO;63
1103;SANTA MARIA;63
1104;SANTA TEREZINHA;63
1105;SERRA DO CANAL;63
1106;TAMATAÚPE;63
1107;TAMBOATÁ;63
1108;VAQUEJADA;63
1109;VASCONCELOS;63
1110;VERA CRUZ;63
1111;VILA SAO LUIZ;63
1112;VISTA NOVA;63
1113;GAMELEIRA;69
1114;RUA DO CAMPO;69
1115;BEIRA MOLE;69
1116;BOA VISTA;69
1117;MATA DO CAJUEIRO;69
1118;JAGATA;69
1119;MURUIM;69
1120;CENTRO;69
1121;CASA MAR;69
1122;VÁRZEA DO UNA (DISTRITO);69
1123;ABREU DO UNA (DISTRITO);69
1124;ENGENHO MANGUINHOS;69
1125;ENGENHO PAU AMARELO;69
1126;ENGENHO TENTUGAL;69
1127;ENGENHO ARAÇU;69
1128;ENGENHO QUEIMADAS;69
1129;ENGENHO BUENOS AIRES;69
1130;ENGENHO CAMPINAS;69
1131;ENGENHO JUNDAÍ;69
1132;ENGENHO SERRA D'AGUA DO TANQUE;69
1133;CENTRO;68
1134;LOT. ALTO DA BELA VISTA;68
1135;LOT. OTHOM B. DE MELO;68
1136;CAMPO;68
1137;BRASILIA;68
1138;PRAÇA DIARIO DE PE (LEVADA);68
1139;LOT. COSSOCÓ;68
1140;LOT. OLHO D'AGUA I;68
1141;LOT. OLHO D'AGUA II;68
1142;LOT. SANTA LUZIA;68
1143;BAIRRO DA LAMA;68
1144;VILA COHAB;68
1145;VILA SÃO FRANCISCO;68
1146;VILA AGROVILA;68
1147;VILA UNICAP;68
1148;DISTRITO COCAU;68
1149;DISTRITO VILA CONCEIÇÃO;68
1501;BELA VISTA;25
1502;CABACEIRA;25
1503;CHÃ DO MARINHEIRO;25
1504;CHÉUS;25
1505;CENTRO;25
1506;COQUEIRO;25
1507;DIOGO;25
1508;DISTRITO 02;25
1509;JUCÁ FERRADO;25
1510;LAGOA DA VACA;25
1511;LAGOA NOVA;25
1512;PE - 90;25
1513;SANTO ANTÔNIO;25
1514;SÃO JOSÉ;25
1515;SÃO SEBASTIÃO;25
2000;AGUAS COMPRIDAS;10
2001;CENTRO;10
2002;7 RO;10
2003;AGUAZINHA;10
2004;ALTO DA BONDADE;10
2005;ALTO DA CONQUISTA;10
2006;ALTO DA MINA;10
2007;ALTO DA NAÇAO;10
2008;ALTO DO ROSARINHO;10
2009;ALTO DO SOL NASCENTE;10
2010;ALTO NOVA OLINDA;10
2011;AMARO BRANCO;10
2012;AMPARO;10
2013;AREA RURAL;10
2014;BAIRRO NOVO;10
2015;BEBERIBE;10
2016;BONSUCESSO;10
2017;BULTRINS;10
2018;CAIXA DAGUA;10
2019;CARMO;10
2020;CASA CAIADA;10
2021;CIDADE NOVA OLINDA;10
2022;CIDADE TABAJARA;10
2023;CORREGO DO ABACAXI;10
2024;CORREGO DO MONTE;10
2025;CORREGO DOS CARNEIROS;10
2026;FRAGOSO;10
2027;GUADALUPE;10
2028;IGNORADO;10
2029;ILHA DO MARUIM;10
2030;JARD.ATLANTICO;10
2031;JARD BRASIL II;10
2032;JATOBA;10
2033;MIRUEIRA;10
2034;MONTE;10
2035;OURO PRETO;10
2036;PASSARINHO;10
2037;PEIXINHOS;10
2038;RIO DOCE;10
2039;SALGADINHO;10
2040;SANTA TEREZA;10
2041;SAPUCAIA DE DENTRO;10
2042;SAPUCAIA DE FORA;10
2043;SITIO NOVO;10
2044;UMUARANA;10
2045;VARADOURO;10
2046;VILA POPULAR;10
2047;SAO BENEDITO;10
2048;JARD BRASIL I;10
2501;CENTRO;8
2502;ARTHUR LUNDGREN;8
2503;JANGA;8
2504;JARD PAULISTA;8
2505;MARANGUAPE;8
2506;MARIA FARINHA;8
2507;MIRUEIRA;8
2508;NOBRE;8
2509;PARATIBE;8
2510;PRAIA DO JANGA;8
2511;VILA NAVARRO;8
2512;VILA PRESIDENTE VARGAS;8
2513;VILA TORRES GALVAO;8
2514;MARANGUAPE I;8
2515;MARANGUAPE II;8
2516;ENGENHO MARANGUAPE;8
2517;ARTHUR LUNDGREN II;8
2701;CENTRO;24
2702;NEWTON CARNEIRO;24
2703;NOVA PALMARES;24
2704;NOVO HORIZONTE;24
2705;PADRE ÂNGELO (Projetada);24
2706;QUILOMBO (I e II);24
2707;SANTA LUZIA;24
2708;SANTA ROSA;24
2709;SANTO ANTÔNIO;24
2710;SANTO ONOFRE;24
2711;SÃO FRANCISCO;24
2712;SÃO JOSE (Cohab I);24
2713;SÃO PEDRO (Cohab II);24
2714;HABITACIONAL JOÃO GARCIA;24
2715;ENGENHO CAPRICHINHO;24
2716;ENGENHO PERNAMBUCO;24
2717;ENGENHO VILA PIRANGY;24
2718;ENGENHO FINAL DA LUZ;24
2719;ENGENHO CAPRICHO;24
2720;ENGENHO IMPRENSA;24
2721;ENGENHO DIAMANTE;24
2722;ENGENHO CATUAMA  A;24
2723;ENGENHO HERVAL;24
2724;ENGENHO SERRO AZUL;24
2725;ENGENHO BELA VISTA;24
2726;ENGENHO BARRA DO DIA;24
2727;ENGENHO ESPERANÇA;24
2728;ENGENHO HUMAITÁ;24
2729;ENGENHO SUMIDOURO;24
2730;ENGENHO POÇO;24
2731;ENGENHO SANTA FÉ;24
2732;ENGENHO SITIO RECURSO;24
2733;ENGENHO SÍTIO BOA VISTA;24
2734;ENGENHO CUMARU;24
2735;ENGENHO VENEZA;24
2736;ENGENHO VISTA ALEGRE;24
2737;ENGENHO RIACHÃO;24
2738;ENGENHO GOIABEIRAS;24
2739;ENGENHO SÃO JOÃO DA PRATA;24
2740;ENGENHO PAU SANGUE;24
2741;ENGENHO MONTE PIO;24
2742;ENGENHO VERDE;24
2743;ENGENHO FERTILIDADE;24
2744;ENGENHO PIRAUÁ;24
2745;ENGENHO LIMÃO;24
2746;ENGENHO CAMIVOUZINHO;24
2747;ENGENHO JAQUEIRA;24
2748;ENGENHO TOMBADOR;24
2749;ENGENHO COUCEIRO;24
2750;ENGENHO LAJEDO;24
2751;ENGENHO CAMPINAS;24
2752;ENGENHO SANTO ANTONIO DAS TREPES;24
2753;ENGENHO GOIABEIRA;24
2754;ENGENHO SANTO ANTONIO DOS PALMARES;24
2755;ENGENHO PIRANGY;24
2756;ENGENHO CATUAMA  B;24
2757;ENGENHO BEM TE VI;24
2800;CENTRO;45
2801;Compesa (Emenda);45
2802;Vila Cipo;45
2803;TAMBOR;45
2804;Cohab;45
2805;Peteca;45
2806;Lagedo de Alecrim;46
2807;Sao Luiz do Lajedo;46
2808;Furnas das Pacas;46
2809;Bulandi;46
2810;Mangueira;46
2811;Varzea do Inga;46
2812;Alecrim;46
2813;Inga;46
2814;Sao Jose do Inga;46
2815;Ines;46
2816;Brejo Velho;46
2817;Timbu;46
2818;Cocao;46
2819;Cafundo Enrique;46
2820;Taboca;46
2821;Salgado;46
2822;Saco de Cobras;46
2823;Logradouro;46
2824;Serrote Liso;46
2825;Laje D'Anta;46
2826;Peri-Peri;46
2827;Igarapeassu;46
2828;Riachao de Dentro;46
2829;Brejo da Lonha;46
2830;Santa Cruz;46
2831;Chica;46
2832;Acampamento;46
2833;Cafundo;46
2834;Dois Irmaos;46
2835;Capim de Cheiro;46
2836;Sao Jorge;46
2837;Gulandi;46
2838;Esperanca;46
2839;Riacho do Meio;46
2840;Rocandor;46
2841;Gravata;46
2842;Brejao;46
2843;Serra do Jerimum;46
2844;Mandu;46
2845;Sao Jose;46
2846;Serra de Sao Joao;46
2847;Santa Izabel;46
2848;Besouro;46
2849;Veloso;46
2850;Cedro;46
2851;Correias;46
2852;Godoia;46
2853;Cavuco;46
2854;Fragoso;46
2855;Alto do Tambor;46
2856;Ara?a;46
2857;Encruzilhada;46
2858;Freixeira;46
2859;Lagoa dos Patos;46
2860;Brejo de Pontes;46
2861;Igrejinha;46
2862;Morcego;46
2863;Bebida;46
2864;Espalhagua;46
2865;Campos;46
2866;Veloso;46
2867;Catuca;46
2868;Porao;46
2869;Poraozinho;46
2870;Brejo das Oliveiras;46
2871;Juriti;46
2872;Engenho Pedra D'Antas;46
2873;Pedra D'Anta;46
2874;Mundo Novo;46
2875;Gurjau;46
2876;Jussara;46
2877;Pedra de Fogo;46
2878;Numbuca;46
2879;Lagoa de Flexa;46
2880;Calhanguinha;46
2881;Folguedo do Mel;46
2882;Cajueiro;46
2883;Gatos;46
2884;Sitio Novo;46
2885;Cavaco;46
2886;Brejinho;46
2887;Lajedo;46
2888;Imbirussu;46
2889;Entroncamento;46
2890;Pau Ferrado;46
2891;ChÆ de Panela;46
2892;Barra do Gato;46
2893;Rosario;46
2894;Cangalha;46
2895;Timbo;46
2896;Boa Sorte;46
2897;Jenipapo;46
2898;Duas Barras;46
2899;Brejo Redondo;46
2900;Lagoa de Souza;46
2901;Godona;46
2902;Flor da Mata;46
2903;Estivas;46
2905;Agua Branca;46
2907;Guabiraba;46
2908;urjauzinho;46
2909;Borborema;46
2910;Camondongo;46
3001;CENTRO;9
3501;CENTRO;7
3502;BARRA DE JANGADA;7
3503;BULHOES;7
3504;CAJUEIRO SECO;7
3505;CANDEIAS;7
3506;CAVALEIRO;7
3507;COMPORTAS;7
3508;CURADO;7
3509;DOIS CARNEIROS;7
3510;ENGENHO VELHO;7
3511;FLORIANO;7
3512;GUARARAPES;7
3513;JARD. JORDAO;7
3514;MANASSU;7
3515;MURIBEQUINHA;7
3516;PIEDADE;7
3517;PRAZERES;7
3518;SANTANA;7
3519;SANTO ALEIXO;7
3520;SOCORRO;7
3521;SUCUPIRA;7
3522;VARGEM FRIA;7
3523;VILA RICA;7
3524;VISTA ALEGRE;7
3525;ZUMBI DO PACHECO;7
3526;MURIBECA;7
3527;UR-11 IBURA;7
4001;CENTRO;11
4501;CENTRO;12
4502;ALTO BELA VISTA;12
4503;ALTO SÃO MIGUEL;12
4504;CAETES I;12
4505;CAETES II;12
4506;CAETES III;12
4507;CAETES VELHO;12
4508;CAIANA;12
4509;CHA DE CRUZ;12
4510;DESTERRO;12
4511;DISTRITO INDUSTRIAL;12
4512;ENGENHO NOVO;12
4513;FOSFATO;12
4514;GEMBA;12
4515;INHAMA;12
4516;JAGUARIBE;12
4517;MATINHA;12
4518;PITANGA I;12
4519;PITANGA II;12
4520;PLANALTO;12
4521;TIMBI;12
4522;TIMBÓ;12
5001;CENTRO;13
5002;ALTO DA CRUZ (Zona Urbana);44
5003;VILA FELIZ (Zona Urbana);44
5004;CENTRO (Zona Urbana);44
5005;SITIO AREIA DE CHATINHA (Zona Rural);44
5006;SITIO BAIXA DE ORATÓRIO (Zona Urbana);44
5007;SITIO BENGALAS (Zona Urbana);44
5008;SITIO BERINGUE (Zona Urbana);44
5009;SITIO BOI (Zona Urbana);44
5010;SITIO CACHOEIRA (Zona Urbana);44
5011;SITIO CAIANA DO XIMIM (Zona Urbana);44
5012;SITIO CATOLE DE MITONHO (Zona Urbana);44
5013;SITIO CATOLE DE NAPOLEAO (Zona Urbana);44
5014;SITIO CHA DE LAÇO (Zona Urbana);44
5015;SITIO CHA DE TOURO (Zona Urbana);44
5016;SITIO CHATINHA DE BAIXO (Zona Urbana);44
5017;SITIO CHATINHA DE CIMA (Zona Urbana);44
5018;SITIO DIOGO (Zona Urbana);44
5019;SITIO FUNDAO DE BAIXO (Zona Urbana);44
5020;SITIO FUNDAO DE CIMA (Zona Urbana);44
5021;SITIO GADO BRAVO (Zona Urbana);44
5022;SITIO GRUTA FUNDA (Zona Urbana);44
5023;SITIO JUNCO (Zona Urbana);44
5024;SITIO LAGOA DE PEDRA (Zona Urbana);44
5025;SITIO LAGOA DE PORCO (Zona Urbana);44
5026;SITIO LAGOA ESCONDIDA (Zona Urbana);44
5027;SITIO MONTADO (Zona Urbana);44
5028;SITIO MONTADO DE BAIXO (Zona Urbana);44
5029;SITIO MONTADO DE CIMA (Zona Urbana);44
5030;SITIO MUQUEM (Zona Urbana);44
5031;SITIO ORATORIO (Zona Urbana);44
5032;SITIO RIACHO DA VACA (Zona Urbana);44
5033;SAO DOMINGOS (Zona Urbana);44
5034;SITIO SERRA DO CANTO (Zona Urbana);44
5035;SITIO SERRA VERDE (Zona Urbana);44
5036;SITIO TUNA (Zona Urbana);44
5037;SITIO UMARI (Zona Urbana);44
5038;SITIO VARJAO (Zona Urbana);44
5039;SITIO VERTENTE DO HERACLIO (Zona Urbana);44
5040;SITIO VILA CHEUS (Zona Urbana);44
5041;SITIO VILA NOVA (Zona Urbana);44
5075;ALDEIA;36
5076;ALTO DO CRUZEIRO;36
5077;ALTO DOIS IRMÃOS;36
5078;ALTO SANTA TERESA;36
5079;ARARA;36
5180;CENTRO (QUIPAPÁ);71
5181;ALTO SÃO SEBASTIÃO;71
5182;ALTO DO CRUZEIRO;71
5183;ZONA RURAL;71
5501;CENTRO;14
5502;AGUA MINERAL;14
5503;ALTO DO CEU;14
5504;AREIA BRANCA;14
5505;BEIRA MAR I;14
5506;BEIRA MAR II;14
5507;BELA VISTA;14
5508;BOA VISTA;14
5509;BOM RETIRO;14
5510;BONFIM I;14
5511;BONFIM II;14
5512;CORTEGADA;14
5513;CRUZ DE REBOUÇAS;14
5514;CUEIRAS;14
5515;ENCANTO IGARASSU;14
5516;LOT AGAMENON MAGALHAES I;14
5517;LOT AGAMENON MAGALHAES II;14
5518;LOT ANA ALBUQUERQUE;14
5519;LOT MENINO JESUS;14
5520;LOT NOS SENH DA CONCEIÇÃO;14
5521;LOT NOS SENH DO ROSARIO;16
5522;LOT NOVO IGARASSU;14
5523;LOT PARK IGARASSU;14
5524;LOT REDENÇÃO;14
5525;LOT SANTO ANTONIO;14
5526;MANANCIAL;14
5527;MONJOPE;14
5528;NOVA CRUZ;14
5529;RUBINA;14
5530;SANTA LUZIA;14
5531;SANTAREM;14
5532;SITIO DOS MARCOS;14
5533;SITIO LIRA;14
5534;TABATINGA;14
5535;VILA DA CHESF;14
5536;TRES LADEIRAS;14
5537;USINA SAO JOSE;14
5538;UBU;14
5539;VILA RURAL;14
5540;VILA SARAMANDAIA;14
5541;CAIANA;14
5542;CANAA;14
5543;CUMBE;14
5544;INDEPENDENTE;14
5545;ITAPIPIRE;14
5546;LOT NOVA ARAÇOIABA;14
5547;MUSSUPE;14
5548;QUINZE;14
5549;VINAGRE;14
5550;ARAÇOIABA;14
5551;CENTRO (AMARAJI);67
5552;VILA N. SA. DE FÁTIMA;67
5553;VILA N. SA. DA CONCEIÇÃO;67
5554;LOT. JOAO PAULO II;67
5555;LOT. ALICE BATISTA;67
5556;LOT. TANCREDO NEVES;67
5557;LOT. ALTO DO CRUZEIRO;67
5558;LOT. RECANTO DOS PASSAROS;67
5559;VILA TEIMOSA;67
5560;CENTRO (Barreiros);48
5561;RIBEIRO DO MEL;35
5562;URUCUBA;35
5563;CONVALES (ZONA RURAL);35
5564;GAMELEIRA (ZONA RURAL);35
5565;MENDES (ZONA RURAL);35
5566;FERNANDES SALSA;35
5567;SANTA TEREZINHA;35
5568;CONGAL;35
5569;REDENTOR;35
5570;SÃO SEBASTIÃO;35
5571;BAIRRO DA LINHA;35
5572;PONTO CERTO;35
5573;JOÃO ERNESTO;35
5574;OTÁCIO LEMOS;35
5575;JUÁ;35
5576;CENTRO (LIMOEIRO);35
5577;NOSSA SENHORA DE FÁTIMA;35
5578;SANTO ANTÔNIO;35
5579;LOTEAMENTO SANTANA;35
5580;ALTO DA INDEPENDÊNCIA;26
5581;ALTO DO CRUZEIRO;26
5582;ALTO SANTA TEREZINHA;26
5583;BARRO;26
5585;CAMPO DO SETE;26
5586;CATUCÁ (ZONA RURAL);26
5587;CENTRO;26
5588;CRUANGI (ZONA RURAL);26
5589;JARDIM GUARANI;26
5590;LOTEAMENTO ISMAEL VASCONCELOS;26
5591;LOTEAMENTO MANOEL ROSENDO;26
5592;MOCOS;26
5593;OZANAN;26
5594;PATOS (ZONA RURAL);26
5595;QUEIMADAS (ZONA RURAL);26
5596;RUA DE GOIANA;26
5597;SANTA ANA;26
5598;SÃO JOSÉ (ZONA RURAL);26
5599;SAPUCAIA;26
5600;TIMBAUBINHA;26
5601;TRÊS COCOS;26
5602;SANTO AMARO;67
5603;ENGENHO ANIMOSO;67
5604;ENGENHO AGUA VERMELHA;67
5605;ENGENHO AMARAJI D'AGUA;67
5606;ENGENHO PALMARES;67
5607;ENGENHO GULOSO;67
5608;ENGENHO TEIMOSO;67
5609;ENGENHO MANHOSO;67
5610;ENGENHO PRATA GRANDE;67
5611;ENGENHO NINHO DAS AGUAS;67
5612;ENGENHO MACACOS;67
5613;ENGENHO MACAQUINHO;67
5614;ENGENHO AMORA GRANDE;67
5615;ENGENHO RINOCERONTE;67
5616;ENGENHO RIO MORTO;67
5617;ENGENHO ESTIVAS;67
5618;ENGENHO JAGUARANA;67
5619;ENGENHO DEVANEIOS;67
5620;ENGENHO DEVANEIOS;67
5621;ENGENHO DUAS PEDRAS;67
5622;ENGENHO AMORINHA;67
5623;ENGENHO NÃO PENSEI;67
5624;ENGENHO RIACHO DAS PEDRAS;67
5625;ENGENHO BAMBURRAL;67
5626;ENGENHO POVOADO DE DEMARCAÇÃO;67
5627;ENGENHO PONTA DE PAU;67
5628;ENGENHO BELA VISTA;67
5629;ENGENHO BALANCINHO;67
5630;ENGENHO VILA GRANITO;67
5631;ENGENHO SITIO DO GALO;67
5632;ENGENHO SIRIQUITA;67
5633;ENGENHO TAPADO;67
5634;ENGENHO QUARESMA;67
5700;PLANALTO (MARACUJA);28
5701;RESIDENCIAL LUCIA DE FATIMA II;28
5702;Distrito de QUEBEQUE;28
5703;Distrito de IBIRANGA;28
5704;Distrito de CARICE;28
5705;LOT MARIA MIRÒTA (JARDIM BELA VISTA II);28
5706;LOTEAMENTO JARDIM BELA VISTA;28
5707;LOTEAMENTO DR GOLDO PEREIRA DE ANDRADE;28
5708;LOTEAMENTO ENGENHO FIGUEREDO;28
5709;LOTEAMENTO JARDIM PRIMAVERA;28
5710;LOT DR FRANCISCO CORDEIRO SILVA (INVASAO;28
5711;LOTEAMENTO NOVO ITAMBE;28
5712;LOTEAMENTO LUIZ GONZAGA DA COSTA;28
5713;VILA RAFAEL PACIFICO;28
5714;VILA DA COHAB;28
5715;VILA PROF LUCIA FATIMA GALINDO(SALGADEIR;28
5716;CENTRO;28
5850;VILA NOVA;72
5851;OUTEIRO;72
5852;PORTO DE PEDRA;72
5853;COHAB;72
5854;CENTRO;72
5855;VILA OPERARIA;72
5856;VILA NO ESPERANÇA;72
5857;SÃO ROQUE;72
5858;CAVOCO;72
5859;GUARARAPES;72
5860;OUTEIRO DO CARMO;72
5861;TRAPICHE VELHO;72
5862;AGROVILA;72
5863;AVER-O-MAR (PRAIA);72
5864;SANTO AMARO (DISTRITO);72
5865;BARRA DE SIRINHAÉM (DISTRITO);72
5866;IBIRATINGA (DISTRITO);72
6000;PILOES;73
6001;CENTRO;15
6002;PEDRA BRANCA;73
6003;SITIO TABOCAS;73
6004;MARACUJA;73
6005;BUENOS AIRES;73
6006;REDE GRANDE;73
6007;AMANCIO;73
6008;MONTE ALEGRE;73
6009;CHA DE AREIAS;73
6010;SAO PAULO;73
6011;LADEIRA CAVADA;73
6012;CACHOEIRA DO URUBU;73
6013;CACHOEIRA DO CONVENTO;73
6014;AURORA;73
6015;BATATEIRAS;73
6016;VISGUEIRO;73
6017;RIQUEZA;73
6018;TOLERANCIA;73
6019;MARIQUITA;73
6020;MARAVILHA;73
6021;PREFERENCIA;73
6022;CABEÇA DE NEGRO;73
6023;BOA  VISTA;73
6024;ENG. BONFIM;73
6025;BOM JARDIM;73
6026;CENTRO;73
6201;LOTEAMENTO SANTO ANTONIO;32
6202;LOTEAMENTO GEOCONDA;32
6203;LOTEAMENTO PLANALTO;32
6204;LOTEAMENTO MÃE RAINHA;32
6205;BOA ESPERANÇA;32
6206;COHAB;32
6207;NOVA GLÓRIA;32
6208;SANTA RITA;32
6209;SANTA RITA;32
6210;CAMPO ALEGRE I;32
6211;CAMPO ALEGRE II;32
6212;VILA DA CAIXA;32
6213;CENTRO (GLÓRIA DO GOITÁ);32
6310;ALTO DO FRADE;37
6311;FICAM;37
6312;PADRE GALDINO;37
6313;SOL;37
6314;CENTRO;37
6315;BAIRRO NOVO;37
6316;VILA SÃO JOSÉ;37
6317;VILA BRASIL;37
6318;USINA NOSSA SENHORA DO CARMO;37
6319;SÍTIO PÉ DE SERRA;37
6320;SITIO LAGOA DANTAS;37
6321;SITIO BOTO;37
6322;TAMANDUA;37
6323;SITIO AREIA GRANDE;37
6324;VILA DOIS LEOES;37
6325;VILA SAO JOSE;37
6326;SITIO BOEIRO;37
6360;BOA VISTA;29
6361;SÃO JOSÉ;29
6362;MANOEL SIMÕES BARBOSA;29
6364;DOM HELDER CÂMARA;29
6365;AUGUSTO DAVID;29
6366;BEATRIZ ALVES;29
6367;NILTON CARNEIRO;29
6368;VILA SANTA LUZIA;29
6369;CENTRO (CHÃ GRANDE);29
6501;CENTRO;16
6502;ALBERTO MAIA (STA TEREZ/NS CARMO);16
6503;ALDEIA;16
6504;ALDEIA DE BAIXO;16
6505;ALDEIA DE CIMA;16
6506;ALTO DA BELA VISTA;16
6507;ALTO DO CEMITERIO;16
6508;ALTO PADRE CICERO;16
6509;ALTO SANTO ANTONIO;16
6510;ARACA;16
6511;AREEIRO;16
6512;AREINHA;16
6513;BAIRRO DOS ESTADOS;16
6514;BAIXINHA;16
6515;BORRALHO;16
6516;BURRIONE;16
6517;CAMPO ALEGRE;16
6518;CARMELITAS;16
6519;CELEIRO;16
6520;CENTRO/B.NOVO/NOVO CARMELO;16
6521;CEU AZUL;16
6522;CHACARA PEDREIRA;16
6523;CHACARA PETROPOLIS;16
6524;CLARA LOPES;16
6525;CORREGO DO DESASTRE;16
6526;COSME E DAMIÃO;16
6527;CRISTO REI;16
6528;ESTAÇÃO NOVA;16
6529;FLAMENGO;16
6530;JARDIM PAULO AFONSO;16
6531;JD. ESPERANÇA;16
6532;JD.TERESOPOLIS(ROSA SELVAGEM);16
6533;JOAO PAULO II;16
6534;LUZANOPOLIS;16
6535;MACACOS;16
6536;NAZARE;16
6537;OITENTA;16
6538;PAU FERRO;16
6539;PEROBA;16
6540;PRIMAVERA;16
6541;PRIVE VERMONT;16
6542;SANTA MONICA;16
6543;SANTANA;16
6544;SAO JOAO /SAO PAULO;16
6545;SAO JORGE;16
6546;SAO PEDRO/SAO PAULO (SAO PAULO);16
6547;TABATINGA;16
6548;TELEBRAS( JD. STA CATARINA);16
6549;TIMBI( ACUDE/ SAO FRANCISCO);16
6550;VALE DAS PEDREIRAS;16
6551;VERA CRUZ( ASA BRANCA/VILA RICA);16
6552;VIANA;16
6553;VILA DA FABRICA;16
6554;VILA DA INABI;16
6555;VILA NOVA DA VARZEA;16
7001;CENTRO;17
7002;AGUAS BRANCAS;17
7003;ALTO DA BALANCA;17
7004;ALTO DA BELA VISTA;17
7005;ALTO DA MANGUEIRA;17
7006;ALTO DO RESERVATORIO;17
7007;ALTO JOSE LEAL;17
7008;ALTO JOSE LEITE;17
7009;ALTO NOS SENH AMPARO;17
7010;BARRA DA SANTANA;17
7011;CAJA;17
7012;CIDADE DE DEUS;17
7013;DOIS TERREIROS;17
7014;JARD. IPIRANGA;17
7015;JARD. SAO PEDRO;17
7016;LADEIRA DE PEDRA;17
7017;LOT BELO HORIZONTE MALV;17
7018;LOT CAICARA I;17
7019;LOT CAICARA II;17
7020;LOT CAICARA III;17
7021;LOT CAJUEIRO;17
7022;LOT CONCEIÇÃO- IRAQUE;17
7023;LOT IRA;17
7024;LOT JARD. CARIOCA;17
7025;LOT JOSE DE LEMOS;17
7026;LOT LAGOA REDONDA;17
7027;LOT LIDIA QUEIROZ;17
7028;LOT LUIZ GONZAGA;17
7029;LOT MARIO BEZERRA;17
7030;LOT NOS SENH DO ROSARIO;17
7031;LOT SANTO INACIO;17
7032;LOT SAO SEVERINO;17
7033;MARANHAO;17
7034;MATADOURO;17
7035;MATRIZ;17
7036;MAUES;17
7037;NATUBA;17
7038;PIRITUBA;17
7039;REDENÇÃO;17
7040;SITIO DO MEIO;17
7041;VILA CENIRA;17
7042;VILA DR. ALVINHO;17
7043;VILA UNIÃO;17
7044;ZONA RURAL;17
7080;ASA BRANCA;36
7081;BARRAGEM DO GOITÁ;36
7082;BELA VISTA;36
7083;BELÉM;36
7084;BOBOCÃO;36
7085;BOSQUE AGUAS D'ALDEIA;36
7086;BR 408;36
7087;CENTRO (PAUDALHO);36
7088;CHÃ ALEGRE;36
7089;CHÃ DE BARRINHO;36
7090;CHÃ DE CAMILA;36
7091;CHÃ DE CAPOEIRA;36
7092;CHÃ DE CONSELHO;36
7093;CHÃ DE CRUZ;36
7094;CHÃ DE ONÇA;36
7095;CHÃ DE OURO;36
7096;CHÃ DO PINHEIRO;36
7097;COLINAS SANTA FÉ;36
7098;COND. LAURA BANDEIRA;36
7099;COND. VALE JACARANDÁ;36
7100;COND. VIVENDA DO VALE;36
7101;DESTERRO;36
7102;DOIS IRMÃOS;36
7103;ENGENHO CABARUNA;36
7104;GREEN GARDEN;36
7105;GUADALAJARA;36
7106;IRAQUE;36
7107;ITABORAI;36
7108;JUNCO;36
7109;LOTEAMENTO ÁGUAS FINAS;36
7110;LOTEAMENTO BELÉM;36
7111;LOTEAM. CHÁCARAS PARAISO;36
7112;LOTEAM. GREEN GARDEN;36
7113;LOTEAM. MORADA NOBRE;36
7114;LOTEAM. PARAÍSO DO PAUDALHO;36
7115;LOTEAMENTO PRIMAVERA;36
7116;LOTEAMENTO SÃO VICENTE;36
7117;MORADA DAS PALMEIRAS;36
7118;MURIONGO;36
7119;ORÁ;36
7120;PIRASSIRICA;36
7121;PRIMAVERA;36
7122;PRIVÊ CASA GRANDE;36
7123;PRIVÊ COUNTRY ALDEIA;36
7124;PRIVÊ HARAS ALDEIA;36
7125;PRIVÊ HARAS ALDEIA II;36
7126;QUINTAS PAUDALHO;36
7127;RODÍZIO;36
7128;RODOVIA;36
7129;ROSARINHO;36
7130;RURAL;36
7131;SANTA MONICA;36
7132;SANTA TERESA;36
7133;SÃO JUDAS TADEU;36
7134;SÃO SEVERINO DOS RAMOS;36
7135;SITIO DOIS IRMÃOS;36
7136;TANQUES;36
7137;USINA MUSSUREPE;36
7138;VILA ASA BRANCA;36
7139;VILA IRAQUE;36
7140;VILA PISTA;36
7141;VILA SANTA MONICA;36
7142;ZONA RURAL;36
7501;CENTRO;18
7502;ABC;18
7503;ALTO DA LIBERDADE;18
7504;ALTO DA MATERNIDADE;18
7505;ALTO SANTO ANTONIO;18
7506;BELA VISTA;18
7507;BONANCA;18
7508;CAMBONGE;18
7509;CERCADO GRANDE;18
7510;COHAB;18
7511;CONSTANTINO MARANHAO(BONANCA);18
7512;ENGENHO ARAUJO;18
7513;ENGENHO BELA VISTA;18
7514;ENGENHO BOM DIA;18
7515;ENGENHO BREJO;18
7516;ENGENHO BUSCAU;18
7517;ENGENHO CAMARACI;18
7518;ENGENHO CAMARAO;18
7519;ENGENHO CANZANZA;18
7520;ENGENHO  CAPIM-ACU;18
7521;ENGENHO CARAUNA;18
7522;ENGENHO CARNIJO;18
7523;ENGENHO CONTRA-AÇUDE;18
7524;ENGENHO COVAS;18
7525;ENGENHO CUMARU;18
7526;ENGENHO DOIS IRMAOS;18
7527;ENGENHO FLORESTA;18
7528;ENGENHO FORTALEZA;18
7529;ENGENHO FUNDAO;18
7530;ENGENHO FURNAS;18
7531;ENGENHO GURJAU DE CIMA;18
7532;ENGENHO JABOATAOZINHO;18
7533;ENGENHO JARDIM;18
7534;ENGENHO JAVUNDA;18
7535;ENGENHO JUSSARA;18
7536;ENGENHO LARANJEIRAS;18
7537;ENGENHO MASSARANDUBA;18
7538;ENGENHO MATO GROSSO;18
7539;ENGENHO MORENINHO;18
7540;ENGENHO MORENO;18
7541;ENGENHO NOS SENH DO CARMO;18
7542;ENGENHO NOS SENH DA CONCEIÇÃO;18
7543;ENGENHO OITEIRO DE PEDRO;18
7544;ENGENHO PASCOVAL;18
7545;ENGENHO PEREIRA;18
7546;ENGENHO PINTO;18
7547;ENGENHO POCINHO;18
7548;ENGENHO POCO DANTAS;18
7549;ENGENHO SAO BRAZ;18
7550;ENGENHO SAO SALVADOR;18
7551;ENGENHO SERRARIA;18
7552;ENGENHO TIMBO;18
7553;ENGENHO UNA;18
7554;ENGENHO VARZEA DO UNA;18
7555;ENGENHO XIXAIM;18
7556;GRANJA 7 E 8 (BONANCA);18
7557;JOAO PAULO II;18
7558;LOT BONANCA;18
7559;LOT II (BONANCA);18
7560;MANGUEIRA;18
7561;MARIA DO CARMO(BONANCA);18
7562;MARIA DO CARMO(BONANCA);18
7563;NOS SENH DA CONCEIÇÃO;18
7564;NOS SENH DE FATIMA;18
7565;NOS SENH DAS GRAÇAS;18
7566;PARQUES DOS EUCALIPTOS;18
7567;PEDREIRAS;18
7568;SESI;18
7569;TAMBOATA;18
7570;USINA AUXILIADORA;18
7571;VARGINHA(BONANCA);18
7572;VARZEA DA CRUZ(BONANCA);18
8001;CENTRO;19
8110;APARECIDA;30
8111;BAIRRO NOVO;29
8112;CAJÁ;30
8113;SÃO JOSE (Centro);30
8114;IPSEP (CARPINA);30
8115;SANTO ANTÔNIO;30
8116;TRÊS MARIAS;30
8117;CARAÚBA TORTA;30
8118;FLORESTINHA;30
8119;VILA DA COHAB;30
8120;CARNEIRO LEÃO;30
8121;SENZALA;30
8122;LOTEAMENTO SANTANA;30
8123;JARDIM NEOPÓLIS;30
8124;VASSOURAS;30
8125;CHÃ DE TABOCAS;30
8126;BAIRRO NOVO;30
8351;CENTRO (CHÃ DE ALEGRIA);31
8352;CRUZEIRO;31
8353;VILA MARIA DORALICE;31
8354;SANTA LUZIA;31
8355;MATADOURO;31
8356;GUINDASTE;31
8501;CENTRO;20
8502;ALTO DA FELICIDADE;20
8503;ALTO POR DO SOL;20
8504;BAIRRO NOVO;20
8505;BAIXA VERDE;20
8506;BELA VISTA;20
8507;BIQUINHA;20
8508;BOM JESUS;20
8509;CURRUPIO;20
8510;ENGENHO SÃO JOÃO;20
8511;ENSEADA DOS GOLFINHOS;20
8512;FORNO DO CAL;20
8513;FORTE ORANGE;20
8514;JAGUARIBE;20
8515;OITEIRO;20
8516;PILAR;20
8517;POCO DO COBRE;20
8518;PONTAL DA ILHA;20
8519;QUATRO CANTOS;20
8520;RIO AMBAR;20
8521;ROQUE SANTEIRO;20
8522;SALINAS;20
8523;SOCORRO;20
8524;SOSSEGO;20
8525;VILA VELHA;20
9001;CENTRO;21
9002;BOTAFOGO;21
9003;ENGENHO UBÚ;21
9004;MANGABEIRA;21
9501;CENTRO;23
9502;ENGENHO VINAGRE;23
9503;NOVA ARAÇOIABA;23
9504;QUINZE;23
9505;VILA CANAÃ;23
9506;VILA DE ITAPITIRÉ;23
9901;SUESTE;22
9902;ESTRADA VELHA DO SUESTE;22
9903;VILA DO DPV;22
9904;VILA DA QUIXABA;22
9905;VILA DA CORÉIA;22
9906;VILA DA BASINHA;22
9907;VILA DO BOLDRÓ;22
9908;VILA DA CONCEIÇAO;22
9910;VILA DOS TRES PAUS;22
9911;VILA DA VACARIA;22
9912;FLORESTA VELHA;22
9913;FLORESTA NOVA;22
9914;VILA DOS REMÉDIOS;22
9915;VILA DO TRINTA;22
9916;VILA DO PORTO;22
